image,niveau
levle1_145.jpg,1
levle2_22.jpg,2
levle2_97.jpg,2
levle0_74.jpg,0
levle0_203.jpg,0
levle1_131.jpg,1
levle3_80.jpg,3
levle3_45.jpg,3
levle1_197.jpg,1
levle2_146.jpg,2
levle0_244.jpg,0
levle0_41.jpg,0
levle1_128.jpg,1
levle1_282.jpg,1
levle1_525.jpg,1
levle2_73.jpg,2
levle0_137.jpg,0
levle1_545.jpg,1
levle1_149.jpg,1
levle1_464.jpg,1
levle1_43.jpg,1
levle1_627.jpg,1
levle2_47.jpg,2
levle0_236.jpg,0
levle1_546.jpg,1
levle1_239.jpg,1
levle1_522.jpg,1
levle1_450.jpg,1
levle0_395.jpg,0
levle0_259.jpg,0
levle0_188.jpg,0
levle0_367.jpg,0
levle0_486.jpg,0
levle1_348.jpg,1
levle3_73.jpg,3
levle0_285.jpg,0
levle1_281.jpg,1
levle3_67.jpg,3
levle0_166.jpg,0
levle2_28.jpg,2
levle1_597.jpg,1
levle1_268.jpg,1
levle1_243.jpg,1
levle0_239.jpg,0
levle2_111.jpg,2
levle0_448.jpg,0
levle1_324.jpg,1
levle1_298.jpg,1
levle1_65.jpg,1
levle0_4.jpg,0
levle0_242.jpg,0
levle0_142.jpg,0
levle0_20.jpg,0
levle3_74.jpg,3
levle0_39.jpg,0
levle1_207.jpg,1
levle1_607.jpg,1
levle2_130.jpg,2
levle1_168.jpg,1
levle2_189.jpg,2
levle2_131.jpg,2
levle1_165.jpg,1
levle0_139.jpg,0
levle1_276.jpg,1
levle1_328.jpg,1
levle1_217.jpg,1
levle0_88.jpg,0
levle1_604.jpg,1
levle0_277.jpg,0
levle1_594.jpg,1
levle2_8.jpg,2
levle1_49.jpg,1
levle2_128.jpg,1
levle1_534.jpg,1
levle0_209.jpg,0
levle0_67.jpg,0
levle1_183.jpg,1
levle0_531.jpg,0
levle0_193.jpg,0
levle1_40.jpg,1
levle0_484.jpg,0
levle0_194.jpg,0
levle1_394.jpg,1
levle1_56.jpg,1
levle0_179.jpg,0
levle0_287.jpg,0
levle1_642.jpg,1
levle2_39.jpg,2
levle1_626.jpg,1
levle0_491.jpg,0
levle2_13.jpg,2
levle2_159.jpg,2
levle2_31.jpg,2
levle0_475.jpg,0
levle1_30.jpg,2
levle0_501.jpg,0
levle0_243.jpg,0
levle1_265.jpg,1
levle1_350.jpg,1
levle1_78.jpg,1
levle0_290.jpg,0
levle1_275.jpg,1
levle0_131.jpg,0
levle1_543.jpg,1
levle1_364.jpg,1
levle0_315.jpg,0
levle0_226.jpg,0
levle0_52.jpg,0
levle0_442.jpg,0
levle1_289.jpg,1
levle0_241.jpg,0
levle1_568.jpg,1
levle0_257.jpg,0
levle3_145.jpg,3
levle1_267.jpg,1
levle2_136.jpg,2
levle1_402.jpg,0
levle2_15.jpg,2
levle1_632.jpg,1
levle1_220.jpg,1
levle1_75.jpg,1
levle3_84.jpg,3
levle1_126.jpg,1
levle1_26.jpg,1
levle1_160.jpg,1
levle0_252.jpg,0
levle0_378.jpg,0
levle2_109.jpg,2
levle2_183.jpg,2
levle0_488.jpg,0
levle0_196.jpg,0
levle0_363.jpg,0
levle1_15.jpg,1
levle1_332.jpg,1
levle1_313.jpg,1
levle1_136.jpg,1
levle1_304.jpg,1
levle2_142.jpg,2
levle1_435.jpg,1
levle1_586.jpg,1
levle1_111.jpg,1
levle2_49.jpg,2
levle1_48.jpg,1
levle0_343.jpg,0
levle1_567.jpg,1
levle1_331.jpg,1
levle0_421.jpg,0
levle1_39.jpg,1
levle0_337.jpg,0
levle0_207.jpg,0
levle0_394.jpg,0
levle0_350.jpg,0
levle2_186.jpg,2
levle0_94.jpg,0
levle0_374.jpg,0
levle1_505.jpg,1
levle1_261.jpg,1
levle3_86.jpg,3
levle0_177.jpg,0
levle1_113.jpg,1
levle0_225.jpg,0
levle2_149.jpg,2
levle1_415.jpg,1
levle1_533.jpg,1
levle1_97.jpg,1
levle0_505.jpg,0
levle1_37.jpg,1
levle0_96.jpg,0
levle0_411.jpg,0
levle0_273.jpg,0
levle1_555.jpg,1
levle0_530.jpg,0
levle1_612.jpg,1
levle2_6.jpg,2
levle1_242.jpg,1
levle1_349.jpg,1
levle0_366.jpg,0
levle3_93.jpg,3
levle1_601.jpg,1
levle0_175.jpg,0
levle0_432.jpg,0
levle0_313.jpg,0
levle1_171.jpg,1
levle1_98.jpg,1
levle0_429.jpg,0
levle1_579.jpg,1
levle0_46.jpg,0
levle1_62.jpg,1
levle0_68.jpg,0
levle1_619.jpg,1
levle0_457.jpg,0
levle1_11.jpg,1
levle0_396.jpg,0
levle1_406.jpg,1
levle1_225.jpg,1
levle2_121.jpg,2
levle0_104.jpg,0
levle1_129.jpg,1
levle1_274.jpg,1
levle0_415.jpg,0
levle1_100.jpg,1
levle1_559.jpg,0
levle2_35.jpg,2
levle1_172.jpg,1
levle1_255.jpg,1
levle0_19.jpg,0
levle0_440.jpg,0
levle1_322.jpg,1
levle1_138.jpg,1
levle0_148.jpg,0
levle0_186.jpg,0
levle1_420.jpg,1
levle2_1.jpg,2
levle1_187.jpg,1
levle0_190.jpg,0
levle1_553.jpg,1
levle0_316.jpg,0
levle0_403.jpg,0
levle0_496.jpg,0
levle1_60.jpg,1
levle1_517.jpg,1
levle1_552.jpg,1
levle0_312.jpg,0
levle1_377.jpg,1
levle1_83.jpg,1
levle1_351.jpg,1
levle1_436.jpg,1
levle1_6.jpg,1
levle1_284.jpg,1
levle0_64.jpg,0
levle1_249.jpg,1
levle1_163.jpg,1
levle0_185.jpg,0
levle1_558.jpg,1
levle0_462.jpg,0
levle0_174.jpg,0
levle0_309.jpg,0
levle1_269.jpg,1
levle1_432.jpg,1
levle1_383.jpg,1
levle1_115.jpg,1
levle0_110.jpg,0
levle1_417.jpg,1
levle2_81.jpg,2
levle1_150.jpg,1
levle1_8.jpg,1
levle0_125.jpg,0
levle1_308.jpg,1
levle1_162.jpg,1
levle3_18.jpg,3
levle0_268.jpg,0
levle1_209.jpg,1
levle0_44.jpg,0
levle1_307.jpg,1
levle1_123.jpg,1
levle0_43.jpg,0
levle2_160.jpg,1
levle0_527.jpg,0
levle2_107.jpg,2
levle1_488.jpg,1
levle1_200.jpg,1
levle2_98.jpg,2
levle2_36.jpg,2
levle0_452.jpg,0
levle0_375.jpg,0
levle1_486.jpg,1
levle1_510.jpg,1
levle0_162.jpg,0
levle2_61.jpg,2
levle1_572.jpg,1
levle0_513.jpg,0
levle1_549.jpg,1
levle0_150.jpg,0
levle3_55.jpg,3
levle2_113.jpg,2
levle1_636.jpg,1
levle0_398.jpg,0
levle0_305.jpg,0
levle3_108.jpg,3
levle0_269.jpg,0
levle1_51.jpg,1
levle1_234.jpg,1
levle0_232.jpg,0
levle3_141.jpg,3
levle2_167.jpg,2
levle0_2.jpg,0
levle3_51.jpg,3
levle1_54.jpg,1
levle1_501.jpg,1
levle0_397.jpg,0
levle0_454.jpg,0
levle2_177.jpg,2
levle1_490.jpg,1
levle1_175.jpg,1
levle1_302.jpg,1
levle2_124.jpg,2
levle0_271.jpg,0
levle0_145.jpg,0
levle0_251.jpg,0
levle0_295.jpg,0
levle1_570.jpg,1
levle1_329.jpg,1
levle1_36.jpg,1
levle2_44.jpg,2
levle0_307.jpg,0
levle0_192.jpg,0
levle1_371.jpg,1
levle1_132.jpg,1
levle0_69.jpg,0
levle1_231.jpg,1
levle1_562.jpg,1
levle0_504.jpg,0
levle1_539.jpg,1
levle0_265.jpg,0
levle0_319.jpg,0
levle1_174.jpg,1
levle1_101.jpg,1
levle0_214.jpg,0
levle0_11.jpg,0
levle0_230.jpg,0
levle0_310.jpg,0
levle1_456.jpg,1
levle1_400.jpg,1
levle0_330.jpg,0
levle0_216.jpg,0
levle1_119.jpg,1
levle3_123.jpg,3
levle0_465.jpg,0
levle0_517.jpg,0
levle1_342.jpg,1
levle1_210.jpg,1
levle1_272.jpg,1
levle0_439.jpg,0
levle1_356.jpg,1
levle1_610.jpg,1
levle1_452.jpg,1
levle0_146.jpg,0
levle2_41.jpg,2
levle1_93.jpg,1
levle1_593.jpg,1
levle2_9.jpg,2
levle0_303.jpg,0
levle1_584.jpg,1
levle1_251.jpg,1
levle1_59.jpg,1
levle1_158.jpg,1
levle1_514.jpg,1
levle1_485.jpg,1
levle2_115.jpg,1
levle1_188.jpg,1
levle1_280.jpg,1
levle1_193.jpg,1
levle2_164.jpg,2
levle1_408.jpg,1
levle0_414.jpg,0
levle1_79.jpg,1
levle3_114.jpg,3
levle1_410.jpg,1
levle1_556.jpg,1
levle0_101.jpg,0
levle0_231.jpg,0
levle0_129.jpg,0
levle1_518.jpg,1
levle0_167.jpg,0
levle0_250.jpg,0
levle3_9.jpg,3
levle0_406.jpg,0
levle0_467.jpg,0
levle2_173.jpg,2
levle1_327.jpg,1
levle0_340.jpg,0
levle1_334.jpg,1
levle1_102.jpg,1
levle1_384.jpg,1
levle1_441.jpg,1
levle1_338.jpg,1
levle2_83.jpg,2
levle1_226.jpg,1
levle0_155.jpg,0
levle1_583.jpg,1
levle0_120.jpg,0
levle1_499.jpg,1
levle0_518.jpg,0
levle0_178.jpg,0
levle1_520.jpg,1
levle1_382.jpg,1
levle0_346.jpg,0
levle2_190.jpg,2
levle3_129.jpg,3
levle1_374.jpg,1
levle1_378.jpg,1
levle0_136.jpg,0
levle1_370.jpg,1
levle1_508.jpg,1
levle1_340.jpg,1
levle1_357.jpg,1
levle1_0.jpg,1
levle1_303.jpg,1
levle1_494.jpg,1
levle0_427.jpg,0
levle2_137.jpg,2
levle2_69.jpg,2
levle1_548.jpg,1
levle1_12.jpg,1
levle2_101.jpg,2
levle0_37.jpg,0
levle0_81.jpg,0
levle1_444.jpg,1
levle1_446.jpg,1
levle1_118.jpg,1
levle0_391.jpg,0
levle1_489.jpg,1
levle0_76.jpg,0
levle1_574.jpg,1
levle0_233.jpg,0
levle0_511.jpg,0
levle0_189.jpg,0
levle1_457.jpg,0
levle0_347.jpg,0
levle1_208.jpg,1
levle2_158.jpg,2
levle2_134.jpg,2
levle1_431.jpg,1
levle0_424.jpg,0
levle0_444.jpg,0
levle3_7.jpg,3
levle3_82.jpg,3
levle1_544.jpg,0
levle0_98.jpg,0
levle0_478.jpg,0
levle1_192.jpg,1
levle1_476.jpg,1
levle1_603.jpg,1
levle1_222.jpg,1
levle1_624.jpg,1
levle1_484.jpg,1
levle1_154.jpg,1
levle1_523.jpg,1
levle0_124.jpg,0
levle0_86.jpg,0
levle1_181.jpg,0
levle2_58.jpg,2
levle3_66.jpg,3
levle1_339.jpg,1
levle0_487.jpg,0
levle0_520.jpg,0
levle3_106.jpg,3
levle0_354.jpg,0
levle0_392.jpg,0
levle2_178.jpg,2
levle1_336.jpg,1
levle1_33.jpg,1
levle1_67.jpg,1
levle2_166.jpg,2
levle0_451.jpg,0
levle0_215.jpg,0
levle2_23.jpg,2
levle1_443.jpg,1
levle0_107.jpg,0
levle1_166.jpg,1
levle1_461.jpg,1
levle2_72.jpg,2
levle0_299.jpg,0
levle0_91.jpg,0
levle2_70.jpg,2
levle1_17.jpg,1
levle3_118.jpg,3
levle1_285.jpg,1
levle0_211.jpg,0
levle1_335.jpg,1
levle1_430.jpg,1
levle0_122.jpg,0
levle1_363.jpg,1
levle0_351.jpg,0
levle1_528.jpg,1
levle0_329.jpg,0
levle2_59.jpg,2
levle2_38.jpg,2
levle0_14.jpg,0
levle1_262.jpg,1
levle0_334.jpg,0
levle0_15.jpg,0
levle3_100.jpg,3
levle1_198.jpg,0
levle0_198.jpg,0
levle2_32.jpg,2
levle1_38.jpg,1
levle1_496.jpg,1
levle0_234.jpg,0
levle0_38.jpg,0
levle3_127.jpg,3
levle2_34.jpg,2
levle1_247.jpg,1
levle0_302.jpg,0
levle0_245.jpg,0
levle1_41.jpg,1
levle0_328.jpg,0
levle1_155.jpg,1
levle0_447.jpg,0
levle0_522.jpg,0
levle1_180.jpg,1
levle1_314.jpg,1
levle2_155.jpg,2
levle1_291.jpg,1
levle3_116.jpg,3
levle2_2.jpg,2
levle1_515.jpg,1
levle0_281.jpg,0
levle3_111.jpg,3
levle1_605.jpg,1
levle3_121.jpg,3
levle1_294.jpg,1
levle0_399.jpg,0
levle0_384.jpg,0
levle1_333.jpg,1
levle1_124.jpg,1
levle1_248.jpg,1
levle0_379.jpg,0
levle1_84.jpg,1
levle1_114.jpg,1
levle1_19.jpg,1
levle2_56.jpg,2
levle1_475.jpg,1
levle1_477.jpg,1
levle1_615.jpg,1
levle0_204.jpg,0
levle1_315.jpg,1
levle3_107.jpg,3
levle1_189.jpg,1
levle0_470.jpg,0
levle1_112.jpg,1
levle2_11.jpg,2
levle1_578.jpg,1
levle2_175.jpg,2
levle0_12.jpg,0
levle0_78.jpg,0
levle0_529.jpg,0
levle0_510.jpg,0
levle1_310.jpg,1
levle0_263.jpg,0
levle0_168.jpg,0
levle0_50.jpg,0
levle0_182.jpg,0
levle1_513.jpg,1
levle0_267.jpg,0
levle0_469.jpg,0
levle0_423.jpg,0
levle0_55.jpg,0
levle0_292.jpg,0
levle1_277.jpg,1
levle1_391.jpg,1
levle3_50.jpg,3
levle2_102.jpg,2
levle1_469.jpg,1
levle1_455.jpg,1
levle1_482.jpg,1
levle1_422.jpg,1
levle0_286.jpg,0
levle0_297.jpg,0
levle1_245.jpg,1
levle1_481.jpg,1
levle3_124.jpg,3
levle1_600.jpg,1
levle2_79.jpg,2
levle1_500.jpg,1
levle0_373.jpg,0
levle1_439.jpg,1
levle2_112.jpg,2
levle0_113.jpg,0
levle0_235.jpg,0
levle2_51.jpg,2
levle0_503.jpg,0
levle0_111.jpg,0
levle1_221.jpg,1
levle2_0.jpg,2
levle1_228.jpg,1
levle0_99.jpg,0
levle1_260.jpg,1
levle1_233.jpg,1
levle0_401.jpg,0
levle2_37.jpg,2
levle1_87.jpg,1
levle0_270.jpg,0
levle2_85.jpg,2
levle1_462.jpg,1
levle1_170.jpg,1
levle1_55.jpg,1
levle1_130.jpg,1
levle1_529.jpg,1
levle1_407.jpg,1
levle0_72.jpg,0
levle1_218.jpg,1
levle0_308.jpg,0
levle1_542.jpg,1
levle1_367.jpg,1
levle0_477.jpg,0
levle1_71.jpg,1
levle0_301.jpg,0
levle3_88.jpg,3
levle1_493.jpg,1
levle0_279.jpg,0
levle1_293.jpg,1
levle1_68.jpg,1
levle1_625.jpg,1
levle0_410.jpg,0
levle0_118.jpg,0
levle2_145.jpg,2
levle1_70.jpg,1
levle0_147.jpg,0
levle1_194.jpg,1
levle1_512.jpg,1
levle1_219.jpg,1
levle1_504.jpg,1
levle0_526.jpg,0
levle0_83.jpg,0
levle1_419.jpg,1
levle3_25.jpg,3
levle1_581.jpg,1
levle1_157.jpg,1
levle1_46.jpg,1
levle1_576.jpg,1
levle0_227.jpg,0
levle0_128.jpg,0
levle0_25.jpg,0
levle0_35.jpg,0
levle0_426.jpg,0
levle2_18.jpg,2
levle3_57.jpg,3
levle3_31.jpg,3
levle2_139.jpg,2
levle2_48.jpg,2
levle1_480.jpg,1
levle1_459.jpg,1
levle1_120.jpg,1
levle3_122.jpg,3
levle1_428.jpg,1
levle1_236.jpg,1
levle0_342.jpg,0
levle0_61.jpg,0
levle2_132.jpg,2
levle1_81.jpg,1
levle1_433.jpg,1
levle1_178.jpg,1
levle0_381.jpg,0
levle0_498.jpg,0
levle0_387.jpg,0
levle1_463.jpg,0
levle0_133.jpg,0
levle1_393.jpg,1
levle1_152.jpg,1
levle0_109.jpg,0
levle3_81.jpg,3
levle1_389.jpg,1
levle1_503.jpg,1
levle0_58.jpg,0
levle2_165.jpg,2
levle0_418.jpg,0
levle2_64.jpg,1
levle0_180.jpg,0
levle0_47.jpg,0
levle1_426.jpg,1
levle0_441.jpg,0
levle3_23.jpg,3
levle1_401.jpg,1
levle1_24.jpg,1
levle1_532.jpg,1
levle1_309.jpg,1
levle1_373.jpg,1
levle1_107.jpg,1
levle2_29.jpg,2
levle1_85.jpg,1
levle0_499.jpg,0
levle1_92.jpg,1
levle1_598.jpg,1
levle2_74.jpg,2
levle1_387.jpg,1
levle3_95.jpg,3
levle0_332.jpg,0
levle0_288.jpg,0
levle1_398.jpg,1
levle0_51.jpg,0
levle1_337.jpg,1
levle1_199.jpg,1
levle0_56.jpg,0
levle3_27.jpg,3
levle1_311.jpg,1
levle0_480.jpg,0
levle1_466.jpg,1
levle0_331.jpg,0
levle1_305.jpg,1
levle2_126.jpg,2
levle1_212.jpg,1
levle2_57.jpg,2
levle1_530.jpg,1
levle1_623.jpg,1
levle2_45.jpg,2
levle1_140.jpg,1
levle0_87.jpg,0
levle2_135.jpg,2
levle0_266.jpg,0
levle0_483.jpg,0
levle1_566.jpg,1
levle1_495.jpg,1
levle1_229.jpg,1
levle0_482.jpg,0
levle0_430.jpg,0
levle1_557.jpg,1
levle1_44.jpg,1
levle0_365.jpg,0
levle1_506.jpg,1
levle1_223.jpg,1
levle1_448.jpg,1
levle1_238.jpg,1
levle2_161.jpg,2
levle0_282.jpg,0
levle0_456.jpg,0
levle0_171.jpg,0
levle0_97.jpg,0
levle0_321.jpg,0
levle2_3.jpg,2
levle1_368.jpg,0
levle0_255.jpg,0
levle1_404.jpg,1
levle1_196.jpg,1
levle1_412.jpg,1
levle1_460.jpg,1
levle1_606.jpg,1
levle0_341.jpg,0
levle2_162.jpg,2
levle2_187.jpg,2
levle0_16.jpg,0
levle0_314.jpg,0
levle1_427.jpg,1
levle0_117.jpg,0
levle1_502.jpg,1
levle2_46.jpg,2
levle0_246.jpg,0
levle0_70.jpg,0
levle1_588.jpg,1
levle1_372.jpg,1
levle0_106.jpg,0
levle2_108.jpg,2
levle0_73.jpg,0
levle0_223.jpg,0
levle0_386.jpg,0
levle3_128.jpg,3
levle1_232.jpg,1
levle0_272.jpg,0
levle3_8.jpg,3
levle0_280.jpg,0
levle1_424.jpg,1
levle3_144.jpg,3
levle2_50.jpg,2
levle0_438.jpg,0
levle1_638.jpg,1
levle0_521.jpg,0
levle1_206.jpg,1
levle1_492.jpg,1
levle1_240.jpg,1
levle0_210.jpg,0
levle1_613.jpg,1
levle0_79.jpg,0
levle1_618.jpg,1
levle0_402.jpg,0
levle1_599.jpg,1
levle0_153.jpg,0
levle3_105.jpg,3
levle0_507.jpg,0
levle2_30.jpg,2
levle0_154.jpg,0
levle3_21.jpg,2
levle3_115.jpg,3
levle0_127.jpg,0
levle2_122.jpg,2
levle1_99.jpg,1
levle1_66.jpg,1
levle2_71.jpg,2
levle1_52.jpg,1
levle1_547.jpg,1
levle0_183.jpg,0
levle0_258.jpg,0
levle1_620.jpg,1
levle2_90.jpg,2
levle2_141.jpg,2
levle3_28.jpg,3
levle0_3.jpg,0
levle1_244.jpg,1
levle2_68.jpg,1
levle1_392.jpg,1
levle0_336.jpg,0
levle1_263.jpg,1
levle1_216.jpg,1
levle0_473.jpg,0
levle2_66.jpg,2
levle0_59.jpg,0
levle3_75.jpg,3
levle1_202.jpg,1
levle2_129.jpg,2
levle0_105.jpg,0
levle0_298.jpg,0
levle1_381.jpg,1
levle1_425.jpg,1
levle2_114.jpg,1
levle3_19.jpg,3
levle1_105.jpg,1
levle1_380.jpg,1
levle3_41.jpg,3
levle0_528.jpg,0
levle0_103.jpg,0
levle0_0.jpg,0
levle0_132.jpg,0
levle3_101.jpg,3
levle0_446.jpg,0
levle0_112.jpg,0
levle3_38.jpg,2
levle2_184.jpg,2
levle3_102.jpg,3
levle1_611.jpg,1
levle3_91.jpg,3
levle2_89.jpg,2
levle0_27.jpg,0
levle0_28.jpg,0
levle1_344.jpg,0
levle3_83.jpg,3
levle1_637.jpg,1
levle1_467.jpg,1
levle1_230.jpg,1
levle1_516.jpg,1
levle1_388.jpg,1
levle0_9.jpg,0
levle0_119.jpg,0
levle0_23.jpg,0
levle1_354.jpg,1
levle1_397.jpg,1
levle0_156.jpg,0
levle1_250.jpg,1
levle0_436.jpg,0
levle1_458.jpg,1
levle1_479.jpg,1
levle1_630.jpg,1
levle0_134.jpg,0
levle1_325.jpg,1
levle0_249.jpg,0
levle1_491.jpg,1
levle0_170.jpg,0
levle2_185.jpg,2
levle1_74.jpg,1
levle0_219.jpg,0
levle1_22.jpg,1
levle1_213.jpg,1
levle0_524.jpg,0
levle3_92.jpg,3
levle2_143.jpg,2
levle0_289.jpg,0
levle2_65.jpg,2
levle2_148.jpg,2
levle2_95.jpg,2
levle1_1.jpg,1
levle1_299.jpg,1
levle0_248.jpg,0
levle0_353.jpg,0
levle1_63.jpg,1
levle1_376.jpg,1
levle0_320.jpg,0
levle1_215.jpg,1
levle1_10.jpg,1
levle0_49.jpg,0
levle1_631.jpg,1
levle0_261.jpg,0
levle1_573.jpg,1
levle3_136.jpg,3
levle1_203.jpg,1
levle1_57.jpg,1
levle3_137.jpg,3
levle1_151.jpg,0
levle1_134.jpg,1
levle1_201.jpg,1
levle1_279.jpg,0
levle1_414.jpg,1
levle3_0.jpg,3
levle2_117.jpg,1
levle3_130.jpg,3
levle1_257.jpg,1
levle0_238.jpg,0
levle0_455.jpg,0
levle2_94.jpg,2
levle3_89.jpg,3
levle0_77.jpg,0
levle2_75.jpg,2
levle0_80.jpg,0
levle1_42.jpg,1
levle0_57.jpg,0
levle0_24.jpg,0
levle1_608.jpg,1
levle0_53.jpg,0
levle1_346.jpg,1
levle1_571.jpg,1
levle1_295.jpg,1
levle2_86.jpg,1
levle1_179.jpg,1
levle0_461.jpg,0
levle1_629.jpg,1
levle1_326.jpg,1
levle3_104.jpg,3
levle2_179.jpg,2
levle3_33.jpg,3
levle2_84.jpg,2
levle1_390.jpg,1
levle2_180.jpg,2
levle0_5.jpg,0
levle1_58.jpg,1
levle1_442.jpg,1
levle0_322.jpg,0
levle1_146.jpg,1
levle1_537.jpg,1
levle0_151.jpg,0
levle0_274.jpg,0
levle1_141.jpg,1
levle1_498.jpg,1
levle1_96.jpg,1
levle0_212.jpg,0
levle1_195.jpg,1
levle0_362.jpg,0
levle0_197.jpg,0
levle1_259.jpg,1
levle3_39.jpg,2
levle1_595.jpg,1
levle3_77.jpg,3
levle1_95.jpg,1
levle2_105.jpg,1
levle0_217.jpg,0
levle0_318.jpg,0
levle1_468.jpg,1
levle1_252.jpg,1
levle0_89.jpg,0
levle1_64.jpg,1
levle1_32.jpg,1
levle1_353.jpg,1
levle1_153.jpg,1
levle0_459.jpg,0
levle1_478.jpg,1
levle1_4.jpg,1
levle0_141.jpg,0
levle0_385.jpg,0
levle1_445.jpg,1
levle0_368.jpg,0
levle0_364.jpg,0
levle2_77.jpg,2
levle1_434.jpg,1
levle2_151.jpg,2
levle1_358.jpg,1
levle0_389.jpg,0
levle0_492.jpg,0
levle2_4.jpg,2
levle0_100.jpg,0
levle1_405.jpg,1
levle0_32.jpg,0
levle1_365.jpg,1
levle2_100.jpg,2
levle0_311.jpg,0
levle1_316.jpg,1
levle1_440.jpg,1
levle0_135.jpg,0
levle0_420.jpg,0
levle0_449.jpg,0
levle1_509.jpg,1
levle0_63.jpg,0
levle2_33.jpg,2
levle0_361.jpg,0
levle0_159.jpg,0
levle1_343.jpg,0
levle1_300.jpg,1
levle3_58.jpg,3
levle0_181.jpg,0
levle0_187.jpg,0
